<?xml version="1.0" encoding="UTF-8"?>
<metadata xml:lang="zh"><Esri><CreaDate>20200327</CreaDate><CreaTime>11543300</CreaTime><ArcGISFormat>1.0</ArcGISFormat><SyncOnce>TRUE</SyncOnce><DataProperties><lineage><Process ToolSource="e:\software\arcgis\desktop10.2\ArcToolbox\Toolboxes\Data Management Tools.tbx\CalculateField" Date="20200327" Time="114437">CalculateField henan centerX [中心点x] VB #</Process><Process ToolSource="e:\software\arcgis\desktop10.2\ArcToolbox\Toolboxes\Data Management Tools.tbx\CalculateField" Date="20200327" Time="114502">CalculateField henan centerY [中心点y] VB #</Process></lineage></DataProperties></Esri></metadata>
